portfolio_id,as_of_date,symbol,quantity,price,market_value,portfolio_weight,sector,benchmark_weight,liquidity_bucket,hedging_restriction,data_source
ASTERIA-001,2026-01-30,HDFCBANK,250000,1600,400000000,8.00%,Financials,12.50%,HIGH,NONE,FICTIONAL_WEEK_01_BASELINE
ASTERIA-001,2026-01-30,ICICIBANK,300000,1250,375000000,7.50%,Financials,8.50%,HIGH,NONE,FICTIONAL_WEEK_01_BASELINE
ASTERIA-001,2026-01-30,RELIANCE,250000,1400,350000000,7.00%,Energy,9.00%,HIGH,NONE,FICTIONAL_WEEK_01_BASELINE
ASTERIA-001,2026-01-30,LT,100000,3250,325000000,6.50%,Industrials,4.20%,HIGH,NONE,FICTIONAL_WEEK_01_BASELINE
ASTERIA-001,2026-01-30,AXISBANK,250000,1200,300000000,6.00%,Financials,3.00%,HIGH,NONE,FICTIONAL_WEEK_01_BASELINE
ASTERIA-001,2026-01-30,KOTAKBANK,125000,1800,225000000,4.50%,Financials,2.80%,HIGH,NONE,FICTIONAL_WEEK_01_BASELINE
ASTERIA-001,2026-01-30,SBIN,200000,875,175000000,3.50%,Financials,3.10%,HIGH,NONE,FICTIONAL_WEEK_01_BASELINE
ASTERIA-001,2026-01-30,BAJFINANCE,20000,7500,150000000,3.00%,Financials,2.10%,HIGH,NONE,FICTIONAL_WEEK_01_BASELINE
ASTERIA-001,2026-01-30,INFY,100000,1500,150000000,3.00%,Information Technology,5.50%,HIGH,NONE,FICTIONAL_WEEK_01_BASELINE
ASTERIA-001,2026-01-30,TCS,40000,3500,140000000,2.80%,Information Technology,4.10%,HIGH,NONE,FICTIONAL_WEEK_01_BASELINE
ASTERIA-001,2026-01-30,BHARTIARTL,100000,1350,135000000,2.70%,Communication Services,4.00%,HIGH,NONE,FICTIONAL_WEEK_01_BASELINE
ASTERIA-001,2026-01-30,M&M,50000,2500,125000000,2.50%,Consumer Discretionary,2.20%,HIGH,NONE,FICTIONAL_WEEK_01_BASELINE
ASTERIA-001,2026-01-30,SUNPHARMA,100000,1100,110000000,2.20%,Health Care,2.00%,HIGH,NONE,FICTIONAL_WEEK_01_BASELINE
ASTERIA-001,2026-01-30,ULTRACEMCO,10000,10000,100000000,2.00%,Materials,1.20%,HIGH,NONE,FICTIONAL_WEEK_01_BASELINE
ASTERIA-001,2026-01-30,SIEMENS,20000,4750,95000000,1.90%,Industrials,0.00%,HIGH,NONE,FICTIONAL_WEEK_01_BASELINE
ASTERIA-001,2026-01-30,INDUSINDBK,40000,1500,60000000,1.20%,Financials,0.70%,HIGH,NONE,FICTIONAL_WEEK_01_BASELINE
ASTERIA-001,2026-01-30,FEDERALBNK,300000,200,60000000,1.20%,Financials,0.00%,HIGH,NONE,FICTIONAL_WEEK_01_BASELINE
ASTERIA-001,2026-01-30,IDFCFIRSTB,800000,75,60000000,1.20%,Financials,0.00%,HIGH,NONE,FICTIONAL_WEEK_01_BASELINE
ASTERIA-001,2026-01-30,BANKBARODA,240000,250,60000000,1.20%,Financials,0.00%,HIGH,NONE,FICTIONAL_WEEK_01_BASELINE
ASTERIA-001,2026-01-30,ABB,10000,6000,60000000,1.20%,Industrials,0.00%,HIGH,NONE,FICTIONAL_WEEK_01_BASELINE
ASTERIA-001,2026-01-30,CUMMINSIND,20000,3000,60000000,1.20%,Industrials,0.00%,HIGH,NONE,FICTIONAL_WEEK_01_BASELINE
ASTERIA-001,2026-01-30,BEL,200000,300,60000000,1.20%,Industrials,0.80%,HIGH,NONE,FICTIONAL_WEEK_01_BASELINE
ASTERIA-001,2026-01-30,HAL,15000,4000,60000000,1.20%,Industrials,0.00%,HIGH,NONE,FICTIONAL_WEEK_01_BASELINE
ASTERIA-001,2026-01-30,TATAMOTORS,80000,750,60000000,1.20%,Consumer Discretionary,1.40%,HIGH,NONE,FICTIONAL_WEEK_01_BASELINE
ASTERIA-001,2026-01-30,MARUTI,5000,12000,60000000,1.20%,Consumer Discretionary,1.30%,HIGH,NONE,FICTIONAL_WEEK_01_BASELINE
ASTERIA-001,2026-01-30,CIPLA,40000,1500,60000000,1.20%,Health Care,0.80%,HIGH,NONE,FICTIONAL_WEEK_01_BASELINE
ASTERIA-001,2026-01-30,DRREDDY,50000,1200,60000000,1.20%,Health Care,0.70%,HIGH,NONE,FICTIONAL_WEEK_01_BASELINE
ASTERIA-001,2026-01-30,TITAN,20000,3000,60000000,1.20%,Consumer Discretionary,1.40%,HIGH,NONE,FICTIONAL_WEEK_01_BASELINE
ASTERIA-001,2026-01-30,ASIANPAINT,25000,2400,60000000,1.20%,Consumer Discretionary,1.20%,HIGH,NONE,FICTIONAL_WEEK_01_BASELINE
ASTERIA-001,2026-01-30,HINDUNILVR,25000,2400,60000000,1.20%,Consumer Staples,2.00%,HIGH,NONE,FICTIONAL_WEEK_01_BASELINE
ASTERIA-001,2026-01-30,PERSISTENT,10000,5000,50000000,1.00%,Information Technology,0.00%,MEDIUM,NONE,FICTIONAL_WEEK_01_BASELINE
ASTERIA-001,2026-01-30,COFORGE,5000,10000,50000000,1.00%,Information Technology,0.00%,MEDIUM,NONE,FICTIONAL_WEEK_01_BASELINE
ASTERIA-001,2026-01-30,KPITTECH,40000,1250,50000000,1.00%,Information Technology,0.00%,MEDIUM,NONE,FICTIONAL_WEEK_01_BASELINE
ASTERIA-001,2026-01-30,DIXON,5000,10000,50000000,1.00%,Consumer Discretionary,0.00%,MEDIUM,NONE,FICTIONAL_WEEK_01_BASELINE
ASTERIA-001,2026-01-30,TRENT,10000,5000,50000000,1.00%,Consumer Discretionary,0.00%,MEDIUM,NONE,FICTIONAL_WEEK_01_BASELINE
ASTERIA-001,2026-01-30,POLYCAB,10000,5000,50000000,1.00%,Industrials,0.00%,MEDIUM,NONE,FICTIONAL_WEEK_01_BASELINE
ASTERIA-001,2026-01-30,ASTRAL,25000,2000,50000000,1.00%,Industrials,0.00%,MEDIUM,NONE,FICTIONAL_WEEK_01_BASELINE
ASTERIA-001,2026-01-30,CROMPTON,100000,500,50000000,1.00%,Consumer Discretionary,0.00%,MEDIUM,NONE,FICTIONAL_WEEK_01_BASELINE
ASTERIA-001,2026-01-30,VOLTAS,40000,1250,50000000,1.00%,Consumer Discretionary,0.00%,MEDIUM,NONE,FICTIONAL_WEEK_01_BASELINE
ASTERIA-001,2026-01-30,ESCORTS,20000,2500,50000000,1.00%,Industrials,0.00%,MEDIUM,NONE,FICTIONAL_WEEK_01_BASELINE
ASTERIA-001,2026-01-30,BALKRISIND,20000,2500,50000000,1.00%,Consumer Discretionary,0.00%,MEDIUM,NONE,FICTIONAL_WEEK_01_BASELINE
ASTERIA-001,2026-01-30,PIIND,10000,5000,50000000,1.00%,Materials,0.00%,MEDIUM,NONE,FICTIONAL_WEEK_01_BASELINE
ASTERIA-001,2026-01-30,DEEPAKNTR,20000,2500,50000000,1.00%,Materials,0.00%,MEDIUM,NONE,FICTIONAL_WEEK_01_BASELINE
ASTERIA-001,2026-01-30,MAXHEALTH,50000,1000,50000000,1.00%,Health Care,0.00%,MEDIUM,NONE,FICTIONAL_WEEK_01_BASELINE
ASTERIA-001,2026-01-30,APOLLOHOSP,10000,5000,50000000,1.00%,Health Care,0.60%,MEDIUM,NONE,FICTIONAL_WEEK_01_BASELINE
ASTERIA-001,2026-01-30,KAYNES,6500,6000,39000000,0.78%,Industrials,0.00%,MEDIUM,NONE,FICTIONAL_WEEK_01_BASELINE
ASTERIA-001,2026-01-30,KEI,13000,3000,39000000,0.78%,Industrials,0.00%,MEDIUM,NONE,FICTIONAL_WEEK_01_BASELINE
ASTERIA-001,2026-01-30,SUPREMEIND,13000,3000,39000000,0.78%,Industrials,0.00%,MEDIUM,NONE,FICTIONAL_WEEK_01_BASELINE
ASTERIA-001,2026-01-30,APLAPOLLO,26000,1500,39000000,0.78%,Materials,0.00%,MEDIUM,NONE,FICTIONAL_WEEK_01_BASELINE
ASTERIA-001,2026-01-30,LALPATHLAB,13000,3000,39000000,0.78%,Health Care,0.00%,MEDIUM,NONE,FICTIONAL_WEEK_01_BASELINE
